Kababistan,turkish
Prolog Coffee Bar,coffee
Kødbyens Fiskebar,greek
Slurp Ramen Joint,japanese
Frankies,italian
II Mattarello,italian
Geranium,michelin
Juno,bakery
Gasoline Grill,american
Goldfinch,japanese
Popl Burger,american
Sushi Anaba,japanese
Hart Bageri,bakery
Mama Rosa,italian
mother,italian
Hard Rock Cafe,american
Gorilla,french
The Market Asian,chinese
Wokshop,thai
Wok,thai
Kung Fu Street Food,chinese
Ricemarket,chinese
Baan Thai Isarn,thai
District Tonkin,chinese
II Buco,italian
Baan Thai Isarn,chinese
District Tonkin,japanese
Prolog Coffee Bar,bakery
